{
  "name": "FlatInfiniteResearchCost",
  "version": "1.4.4",
  "factorio_version": "1.1",
  "title": "Flat Infinite Research Cost",
  "author": "Begovere, _Gamma_Gaming_",
  "contact": "https://forums.factorio.com/memberlist.php?mode=viewprofile&u=62419",
  "homepage": "https://github.com/Ferdi-nand/flat-infinite-research-cost",
  "description": "This mod allows you to set a fix value for the costs of infinite research technologies instead of the increasing vanilla prices. Created with the help of the reddit user _Gamma_Gaming_"
}
